EMAIL,COMPANY,SECTOR,SUBJECT
info@shevahotel.com,Sheva Hotel,Hotel,Vervoer voor uw gasten — True Road Adventures
info@ramadaparamaribo.com,Ramada Paramaribo,Hotel,Vervoer voor uw gasten — True Road Adventures
info@wilhelmina-suites.com,Wilhelmina Suites,Hotel,Vervoer voor uw gasten — True Road Adventures
info@asiainnsuriname.com,Asia-inn Suriname,Hotel,Vervoer voor uw gasten — True Road Adventures
reservations@torarica.com,Royal Torarica,Hotel,Vervoer voor uw gasten — True Road Adventures
reservations@hotelpalacio.net,Hotel Palacio,Hotel,Vervoer voor uw gasten — True Road Adventures
Reservations@thegoldentrulyhotel.sr,Golden Truly Hotel & Casino,Hotel,Vervoer voor uw gasten — True Road Adventures
cy.pbmcy.marketing@courtyard.com,Courtyard by Marriott Paramaribo,Hotel,Vervoer voor uw gasten — True Road Adventures
info@queenshotelsuriname.com,Queen's Hotel,Hotel,Vervoer voor uw gasten — True Road Adventures
reservations@krasnapolsky.sr,Hotel Krasnapolsky,Hotel,Vervoer voor uw gasten — True Road Adventures
info@impressivesuriname.com,Impressive Suriname Travel,Reisbureau,Transport voor uw reizigers — True Road Adventures
jennytourssuriname@gmail.com,Jenny Tours Suriname,Reisbureau,Transport voor uw reizigers — True Road Adventures
info@pejegotours.com,Pejego Tours,Reisbureau,Transport voor uw reizigers — True Road Adventures
mets@sr.net,METS Travel & Tours,Reisbureau,Transport voor uw reizigers — True Road Adventures
info@orangesuriname.com,Orange Travel Suriname,Reisbureau,Transport voor uw reizigers — True Road Adventures
info@hermitage.sr,l'Hermitage Restaurant,Restaurant,Vervoer voor uw gasten — True Road Adventures
info@tucanresort.com,Tucan Resort & Spa,Resort,Vervoer voor uw gasten — True Road Adventures
info@yasminresort.net,Yasmin Luxury Resort,Resort,Vervoer voor uw gasten — True Road Adventures
info@anaulanatureresort.com,Anaula Nature Resort,Resort,Transport voor uw gasten — True Road Adventures
info@akiraoverwaterresort.com,Akira Overwater Resort,Resort,Transport voor uw gasten — True Road Adventures
